ID Candidato,Municipio,Candidato,Votos,pct_votos_trazados,Ganador,n_posts_total,n_posts_facebook,facebook_likes_total,facebook_likes_late_growth,facebook_comentarios_total,facebook_comentarios_late_growth,facebook_compartidos_total,facebook_compartidos_late_growth,facebook_vistas_total,facebook_vistas_late_growth,facebook_favoritos_total,facebook_favoritos_late_growth,facebook_fb_love_total,facebook_fb_love_late_growth,facebook_fb_haha_total,facebook_fb_haha_late_growth,facebook_fb_care_total,facebook_fb_care_late_growth,facebook_fb_wow_total,facebook_fb_wow_late_growth,facebook_fb_sad_total,facebook_fb_sad_late_growth,facebook_fb_angry_total,facebook_fb_angry_late_growth,n_posts_tiktok,tiktok_likes_total,tiktok_likes_late_growth,tiktok_comentarios_total,tiktok_comentarios_late_growth,tiktok_compartidos_total,tiktok_compartidos_late_growth,tiktok_vistas_total,tiktok_vistas_late_growth,tiktok_favoritos_total,tiktok_favoritos_late_growth,tiktok_fb_love_total,tiktok_fb_love_late_growth,tiktok_fb_haha_total,tiktok_fb_haha_late_growth,tiktok_fb_care_total,tiktok_fb_care_late_growth,tiktok_fb_wow_total,tiktok_fb_wow_late_growth,tiktok_fb_sad_total,tiktok_fb_sad_late_growth,tiktok_fb_angry_total,tiktok_fb_angry_late_growth,n_posts_twitter,twitter_likes_total,twitter_likes_late_growth,twitter_comentarios_total,twitter_comentarios_late_growth,twitter_compartidos_total,twitter_compartidos_late_growth,twitter_vistas_total,twitter_vistas_late_growth,twitter_favoritos_total,twitter_favoritos_late_growth,twitter_fb_love_total,twitter_fb_love_late_growth,twitter_fb_haha_total,twitter_fb_haha_late_growth,twitter_fb_care_total,twitter_fb_care_late_growth,twitter_fb_wow_total,twitter_fb_wow_late_growth,twitter_fb_sad_total,twitter_fb_sad_late_growth,twitter_fb_angry_total,twitter_fb_angry_late_growth,total_likes,total_comentarios,total_compartidos,total_vistas,total_favoritos,total_fb_love,total_fb_haha,total_fb_care,total_fb_wow,total_fb_sad,total_fb_angry,avg_interactions_per_post,max_interactions_single_post,std_interactions
COL-05045-004,Apartadó,Hector Rangel Palacios Rodriguez,28317,56.40162530374856,Sí,45,40,19853,490,1809,41,2114,51,277267,6971,0,0,6715,167,38,0,192,1,7,0,5,0,6,0,5,805,55,28,2,101,6,41165,2767,61,3,0,0,0,0,0,0,0,0,0,0,0,0,0,0,0,0,0,0,0,0,0,0,0,0,0,0,0,0,0,0,0,0,0,0,0,20658,1837,2215,318432,61,6715,38,192,7,5,6,549.1111111111111,2131,429.021731925839
COL-05045-005,Apartadó,Adolfo David Romero Benitez,21889,43.59837469625145,No,50,50,13765,326,2290,56,3653,89,152945,3560,0,0,3156,75,90,0,162,0,6,0,1,0,2,0,0,0,0,0,0,0,0,0,0,0,0,0,0,0,0,0,0,0,0,0,0,0,0,0,0,0,0,0,0,0,0,0,0,0,0,0,0,0,0,0,0,0,0,0,0,0,13765,2290,3653,152945,0,3156,90,162,6,1,2,394.16,1579,314.3919534723547
COL-63001-003,Armenia,Stefany Gomez Murillo,11674,15.762043637934758,No,13,12,1935,48,200,3,344,8,113083,2714,0,0,464,13,21,0,49,0,0,0,1,0,3,0,1,62,4,1,0,1,0,1126,74,2,0,0,0,0,0,0,0,0,0,0,0,0,0,0,0,0,0,0,0,0,0,0,0,0,0,0,0,0,0,0,0,0,0,0,0,0,1997,201,345,114209,2,464,21,49,0,1,3,195.6153846153846,553,158.94314416458192
COL-63001-013,Armenia,James Padilla Garcia,35703,48.205605962410885,Sí,5,0,0,0,0,0,0,0,0,0,0,0,0,0,0,0,0,0,0,0,0,0,0,0,5,264,16,22,1,9,0,8462,537,9,0,0,0,0,0,0,0,0,0,0,0,0,0,0,0,0,0,0,0,0,0,0,0,0,0,0,0,0,0,0,0,0,0,0,0,0,264,22,9,8462,9,0,0,0,0,0,0,59.0,108,35.57386681259152
COL-63001-014,Armenia,Jose Ignacio Rojas Sepulveda,26687,36.03235039965435,No,11,11,892,21,97,2,410,11,13080,312,0,0,162,2,1,0,23,0,1,0,0,0,0,0,0,0,0,0,0,0,0,0,0,0,0,0,0,0,0,0,0,0,0,0,0,0,0,0,0,0,0,0,0,0,0,0,0,0,0,0,0,0,0,0,0,0,0,0,0,0,892,97,410,13080,0,162,1,23,1,0,0,127.18181818181819,328,98.57263127442442
COL-68081-003,Barrancabermeja,Claudia Patricia Andrade Gonzalez,15779,13.556191310772615,No,59,47,7610,178,1408,28,2312,55,143478,3336,0,0,1250,25,201,3,81,0,72,1,15,0,15,0,5,303,20,4,0,53,3,8663,551,20,0,0,0,0,0,0,0,0,0,0,0,0,0,7,0,0,0,0,2,0,0,0,0,0,0,0,0,0,0,0,0,0,0,0,0,0,7913,1412,2367,152141,20,1250,201,81,72,15,15,198.16949152542372,850,180.8448708950501
COL-68081-005,Barrancabermeja,Jonathan Stivel Vasquez Gomez,72593,62.366727664802355,Sí,1,0,0,0,0,0,0,0,0,0,0,0,0,0,0,0,0,0,0,0,0,0,0,0,0,0,0,0,0,0,0,0,0,0,0,0,0,0,0,0,0,0,0,0,0,0,0,1,57,0,3,0,14,0,5511,15,0,0,0,0,0,0,0,0,0,0,0,0,0,0,57,3,14,5511,0,0,0,0,0,0,0,74.0,74,0.0
COL-68081-006,Barrancabermeja,Elkin David Bueno Altahona,28025,24.077081024425027,No,13,12,4557,107,743,18,633,17,26936,618,0,0,1536,36,174,2,157,1,1,0,2,0,2,0,1,72,5,8,1,2,0,1451,97,1,0,0,0,0,0,0,0,0,0,0,0,0,0,0,0,0,0,0,0,0,0,0,0,0,0,0,0,0,0,0,0,0,0,0,0,0,4629,751,635,28387,1,1536,174,157,1,2,2,462.6923076923077,1184,268.656033065636
COL-08001-002,Barranquilla,Alejandro Char Chaljub,417644,85.26130981544995,Sí,58,16,27459,644,5540,126,3542,80,364694,8420,0,0,3756,90,2088,50,234,2,18,0,18,0,68,0,4,8565,532,551,36,1110,68,183436,11394,328,22,0,0,0,0,0,0,0,0,0,0,0,0,38,51589,128,5466,8,11429,26,4110556,9311,0,0,0,0,0,0,0,0,0,0,0,0,0,0,87613,11557,16081,4658686,328,3756,2088,234,18,18,68,1987.0862068965516,8990,1894.9158689326362
COL-08001-005,Barranquilla,Antonio Eduardo Bohorquez Collazos,53144,10.849256900212314,No,4,0,0,0,0,0,0,0,0,0,0,0,0,0,0,0,0,0,0,0,0,0,0,0,4,394,24,105,6,14,0,4817,280,16,0,0,0,0,0,0,0,0,0,0,0,0,0,0,0,0,0,0,0,0,0,0,0,0,0,0,0,0,0,0,0,0,0,0,0,0,394,105,14,4817,16,0,0,0,0,0,0,128.25,218,103.05783166099832
COL-08001-006,Barranquilla,Hassan Fares Hachem,19052,3.8894332843377426,No,11,11,1370,37,230,6,744,20,35221,920,0,0,72,1,6,0,1,0,27,0,12,0,86,2,0,0,0,0,0,0,0,0,0,0,0,0,0,0,0,0,0,0,0,0,0,0,0,0,0,0,0,0,0,0,0,0,0,0,0,0,0,0,0,0,0,0,0,0,0,0,1370,230,744,35221,0,72,6,1,27,12,86,213.0909090909091,869,241.7856300715386
COL-05049-001,Bello,Juan Felipe Restrepo Tamayo,11226,8.51209026182298,No,25,25,1553,36,225,4,225,3,19102,443,0,0,307,4,5,0,21,0,0,0,0,0,1,0,0,0,0,0,0,0,0,0,0,0,0,0,0,0,0,0,0,0,0,0,0,0,0,0,0,0,0,0,0,0,0,0,0,0,0,0,0,0,0,0,0,0,0,0,0,0,1553,225,225,19102,0,307,5,21,0,0,1,80.12,314,72.0244865769043
COL-05049-003,Bello,Yulieth Lorena Gonzalez Ospina,64022,48.54454326941304,Sí,25,16,3367,81,432,9,503,15,12422,293,0,0,729,17,13,0,19,0,3,0,5,0,10,0,8,1607,89,78,3,68,3,71576,3861,45,2,0,0,0,0,0,0,0,0,0,0,0,0,1,15,0,3,0,7,0,1690,5,0,0,0,0,0,0,0,0,0,0,0,0,0,0,4989,513,578,85688,45,729,13,19,3,5,10,243.2,395,99.99249971872891
COL-05049-008,Bello,Nestor David Restrepo Bonnett,56635,42.94336646876398,No,48,22,2996,75,552,16,548,13,18770,463,0,0,667,18,38,0,71,0,1,0,2,0,4,0,19,2312,142,136,6,150,6,84505,5063,40,0,0,0,0,0,0,0,0,0,0,0,0,0,7,66,0,2,0,15,0,3545,7,0,0,0,0,0,0,0,0,0,0,0,0,0,0,5374,690,713,106820,40,667,38,71,1,2,4,141.1875,389,86.06421557260404
COL-68001-001,Bucaramanga,Jaime Andres Beltran Martinez,91418,39.45311657093042,Sí,104,50,8043,194,956,17,1587,35,81945,2059,0,0,890,9,180,3,108,0,3,0,3,0,11,0,23,6329,388,3,0,365,25,111874,6840,140,3,0,0,0,0,0,0,0,0,0,0,0,0,31,8505,17,1489,1,2328,3,1349488,2967,0,0,0,0,0,0,0,0,0,0,0,0,0,0,22877,2448,4280,1543307,140,890,180,108,3,3,11,284.66346153846155,2957,402.6855626184027
COL-68001-002,Bucaramanga,Edinson Fabian Oviedo Pinzon,33995,14.671166486127236,No,75,21,6799,159,582,11,776,17,612519,14512,0,0,727,19,365,7,51,0,8,0,7,0,18,0,3,189,12,0,0,21,1,8850,564,7,0,0,0,0,0,0,0,0,0,0,0,0,0,51,0,0,0,0,313,0,0,0,0,0,0,0,0,0,0,0,0,0,0,0,0,0,6988,582,1110,621369,7,727,365,51,8,7,18,115.73333333333333,856,220.2602473815386
COL-68001-003,Bucaramanga,Consuelo Ordoñez de Rincon,22726,9.807822608140244,No,100,22,3115,77,645,16,284,4,282991,6946,0,0,681,15,59,0,20,0,1,0,0,0,3,0,19,3157,193,283,15,130,5,74401,4501,137,5,0,0,0,0,0,0,0,0,0,0,0,0,59,0,0,0,0,426,0,0,0,0,0,0,0,0,0,0,0,0,0,0,0,0,0,6272,928,840,357392,137,681,59,20,1,0,3,80.4,1357,160.94512522388905
COL-68001-008,Bucaramanga,Carlos Felipe Parra Rojas,39004,16.83289241432289,No,53,18,15698,363,1590,37,3604,83,260150,6019,0,0,1263,33,339,6,73,0,165,3,11,0,91,1,35,6750,397,100,4,284,13,134800,7811,142,4,0,0,0,0,0,0,0,0,0,0,0,0,0,0,0,0,0,0,0,0,0,0,0,0,0,0,0,0,0,0,0,0,0,0,0,22448,1690,3888,394950,142,1263,339,73,165,11,91,528.7924528301887,3290,676.8804677594505
COL-68001-012,Bucaramanga,Luis Roberto Ordoñez Ardila,10326,4.456374912067946,No,14,14,3497,72,438,9,274,5,234803,4036,0,0,260,5,357,7,21,0,4,0,0,0,6,0,0,0,0,0,0,0,0,0,0,0,0,0,0,0,0,0,0,0,0,0,0,0,0,0,0,0,0,0,0,0,0,0,0,0,0,0,0,0,0,0,0,0,0,0,0,0,3497,438,274,234803,0,260,357,21,4,0,6,300.64285714285717,1626,547.0690586617516
COL-68001-013,Bucaramanga,Jaime Calderon Herrera,10693,4.614760501137183,No,52,15,1562,36,217,2,718,15,15967,384,0,0,166,1,8,0,24,0,3,0,1,0,5,0,13,1666,90,91,7,140,8,20168,1093,56,1,0,0,0,0,0,0,0,0,0,0,0,0,24,0,0,0,0,256,0,0,0,0,0,0,0,0,0,0,0,0,0,0,0,0,0,3228,308,1114,36135,56,166,8,24,3,1,5,89.42307692307692,417,92.86810088989614
COL-68001-015,Bucaramanga,Horacio Jose Serpa Moncada,23551,10.163866507274085,No,77,27,4116,96,1047,22,759,11,127656,2878,0,0,398,5,351,8,31,0,12,0,6,0,11,0,5,240,14,15,0,26,1,8248,508,4,0,0,0,0,0,0,0,0,0,0,0,0,0,45,0,0,0,0,900,0,0,0,0,0,0,0,0,0,0,0,0,0,0,0,0,0,4356,1062,1685,135904,4,398,351,31,12,6,11,92.24675324675324,1414,212.73093679477617
COL-76109-010,Buenaventura,Libia Mosquera Viveros,19727,31.854734530422423,No,17,11,1109,27,113,2,159,2,48952,1231,0,0,309,8,10,0,12,0,2,0,0,0,0,0,3,112,5,2,0,2,0,2960,147,2,0,0,0,0,0,0,0,0,0,0,0,0,0,3,0,0,0,0,10,0,0,0,0,0,0,0,0,0,0,0,0,0,0,0,0,0,1221,115,171,51912,2,309,10,12,2,0,0,88.6470588235294,411,99.44090027276917
COL-76109-015,Buenaventura,Ligia del Carmen Cordoba Martinez,42201,68.14526546957758,Sí,15,13,3879,91,455,11,789,17,178028,3967,0,0,932,24,5,0,147,2,1,0,0,0,1,0,2,51,4,4,0,8,0,1682,109,10,0,0,0,0,0,0,0,0,0,0,0,0,0,0,0,0,0,0,0,0,0,0,0,0,0,0,0,0,0,0,0,0,0,0,0,0,3930,459,797,179710,10,932,5,147,1,0,1,345.73333333333335,1603,392.98063686698475
COL-76001-002,Cali,Alvaro Alejandro Eder Garces,318656,46.09558306596036,Sí,255,100,57250,1382,10376,244,5922,136,945763,23488,0,0,6226,146,3160,74,270,0,84,0,30,0,280,0,75,89898,5087,3586,206,2540,144,2792827,155165,2183,112,0,0,0,0,0,0,0,0,0,0,0,0,80,63076,142,4952,4,11669,16,2953925,6952,0,0,0,0,0,0,0,0,0,0,0,0,0,0,210224,18914,20131,6692515,2183,6226,3160,270,84,30,280,977.5254901960784,18820,2229.3397415833256
COL-76001-005,Cali,Miyerlandi Torres Agredo,34529,4.994835771755577,No,129,47,2729,63,1270,28,475,4,9314,221,0,0,446,4,4,0,29,0,1,0,0,0,32,0,10,588,37,41,2,44,2,13448,853,19,0,0,0,0,0,0,0,0,0,0,0,0,0,72,4017,4,1015,1,635,0,520273,1194,0,0,0,0,0,0,0,0,0,0,0,0,0,0,7334,2326,1154,543035,19,446,4,29,1,0,32,83.82945736434108,777,101.1099435663204
COL-76001-006,Cali,Edilson Huerfano Ordoñez,19151,2.770311907813463,No,18,18,4294,108,293,6,1445,35,40257,1043,0,0,389,8,25,0,26,0,22,0,0,0,4,0,0,0,0,0,0,0,0,0,0,0,0,0,0,0,0,0,0,0,0,0,0,0,0,0,0,0,0,0,0,0,0,0,0,0,0,0,0,0,0,0,0,0,0,0,0,0,4294,293,1445,40257,0,389,25,26,22,0,4,335.1111111111111,2248,503.17344558300096
COL-76001-007,Cali,Roberto Ortiz Urueña,221038,31.974528926910985,No,74,28,8698,206,2511,57,4108,96,453163,10601,0,0,893,21,447,7,58,0,14,0,3,0,38,0,6,2968,187,345,21,159,9,113371,6763,110,6,0,0,0,0,0,0,0,0,0,0,0,0,40,4226,6,2309,1,1167,0,743922,1799,0,0,0,0,0,0,0,0,0,0,0,0,0,0,15892,5165,5434,1310456,110,893,447,58,14,3,38,357.9864864864865,2972,483.56888116232415
COL-76001-009,Cali,Danis Antonio Renteria Chala,86853,12.56382957178856,No,22,15,5744,134,1531,33,1012,23,388824,8799,0,0,350,7,719,17,26,0,9,0,9,0,59,0,0,0,0,0,0,0,0,0,0,0,0,0,0,0,0,0,0,0,0,0,0,0,0,7,96,0,10,0,23,0,5406,9,0,0,0,0,0,0,0,0,0,0,0,0,0,0,5840,1541,1035,394230,0,350,719,26,9,9,59,382.54545454545456,2088,562.1021536774532
COL-76001-010,Cali,Deninson Mendoza Ramos,11067,1.6009107557710611,No,66,15,172,2,22,0,54,1,1388,35,0,0,19,0,1,0,0,0,0,0,0,0,1,0,15,64376,3727,785,46,975,56,1046280,60740,2283,133,0,0,0,0,0,0,0,0,0,0,0,0,36,0,0,0,0,155,0,0,0,0,0,0,0,0,0,0,0,0,0,0,0,0,0,64548,807,1184,1047668,2283,19,1,0,0,0,1,1008.1666666666666,18394,3229.220828065225
COL-13001-002,Cartagena,William Garcia Tirado,35885,11.391918832776726,No,26,0,0,0,0,0,0,0,0,0,0,0,0,0,0,0,0,0,0,0,0,0,0,0,6,131,8,12,0,7,0,3871,239,1,0,0,0,0,0,0,0,0,0,0,0,0,0,20,328,0,239,0,142,0,28224,58,0,0,0,0,0,0,0,0,0,0,0,0,0,0,459,251,149,32095,1,0,0,0,0,0,0,33.03846153846154,81,17.215064958880102
COL-13001-009,Cartagena,Jose Luis Osorio Galvis,23662,7.511650645706086,No,34,11,1898,44,166,3,203,3,39038,921,0,0,184,3,13,0,3,0,0,0,0,0,1,0,3,314,20,20,0,26,2,8709,580,13,0,0,0,0,0,0,0,0,0,0,0,0,0,20,0,0,0,0,171,0,0,0,0,0,0,0,0,0,0,0,0,0,0,0,0,0,2212,186,400,47747,13,184,13,3,0,0,1,82.29411764705883,1445,245.1536969247344
COL-13001-010,Cartagena,Javier Julio Bejarano,56893,18.061040494723876,No,31,22,9208,218,1101,25,1389,32,220773,5410,0,0,1097,25,233,4,47,0,3,0,1,0,9,0,0,0,0,0,0,0,0,0,0,0,0,0,0,0,0,0,0,0,0,0,0,0,0,9,340,0,71,0,124,0,18849,28,0,0,0,0,0,0,0,0,0,0,0,0,0,0,9548,1172,1513,239622,0,1097,233,47,3,1,9,394.61290322580646,2343,530.3670224425946
COL-13001-011,Cartagena,Judith del Carmen Pinedo Florez,38016,12.068418178816778,No,73,28,1460,35,277,5,158,0,44516,1059,0,0,198,0,61,0,6,0,5,0,0,0,6,0,5,451,26,12,0,2,0,8192,486,7,0,0,0,0,0,0,0,0,0,0,0,0,0,40,2522,3,84,0,732,0,151859,344,0,0,0,0,0,0,0,0,0,0,0,0,0,0,4433,373,892,204567,7,198,61,6,5,0,6,78.05479452054794,401,85.34731174750988
COL-13001-012,Cartagena,Dumek Jose Turbay Paz,160548,50.96697184797654,Sí,152,31,7302,185,1856,43,732,14,73893,1898,0,0,1129,33,145,1,268,0,0,0,0,0,0,0,8,0,0,78,3,0,0,0,0,0,0,0,0,0,0,0,0,0,0,0,0,0,0,113,4855,4,1076,1,1087,1,418845,805,0,0,0,0,0,0,0,0,0,0,0,0,0,0,12157,3010,1819,492738,0,1129,145,268,0,0,0,111.75,1490,192.4246218635696
COL-54001-007,Cúcuta,Mario Vicente Figueroa Fernandez,15856,6.0508229439756995,No,22,0,0,0,0,0,0,0,0,0,0,0,0,0,0,0,0,0,0,0,0,0,0,0,15,2959,168,132,5,250,13,137301,7719,162,6,0,0,0,0,0,0,0,0,0,0,0,0,7,0,0,0,0,22,0,0,0,0,0,0,0,0,0,0,0,0,0,0,0,0,0,2959,132,272,137301,162,0,0,0,0,0,0,152.86363636363637,874,200.45859219835697
COL-54001-010,Cúcuta,Juan Carlos Garcia Herreros Cabrera,44292,16.902311417417486,No,47,25,9586,229,1496,35,1978,46,341221,8066,0,0,593,13,603,13,77,0,19,0,9,0,124,3,7,165,11,14,1,30,1,4207,249,8,0,0,0,0,0,0,0,0,0,0,0,0,0,15,335,0,59,0,168,0,28128,39,0,0,0,0,0,0,0,0,0,0,0,0,0,0,10086,1569,2176,373556,8,593,603,77,19,9,124,294.27659574468083,2252,470.69493961531333
COL-54001-011,Cúcuta,Jorge Enrique Acevedo Peñaloza,89753,34.25072601479887,No,33,30,28737,707,8663,217,7012,170,612441,15450,0,0,4264,105,705,15,1721,42,13,0,13,0,154,3,3,536,27,23,1,41,2,17269,921,20,1,0,0,0,0,0,0,0,0,0,0,0,0,0,0,0,0,0,0,0,0,0,0,0,0,0,0,0,0,0,0,0,0,0,0,0,29273,8686,7053,629710,20,4264,705,1721,13,13,154,1364.0,4869,881.7295149307411
COL-54001-012,Cúcuta,Sergio Andres Maldonado Huertas,11926,4.551091979683034,No,14,7,1948,48,356,8,647,18,135958,3370,0,0,227,5,110,2,36,0,4,0,2,0,3,0,1,64,4,2,0,6,0,1081,69,5,0,0,0,0,0,0,0,0,0,0,0,0,0,6,0,0,0,0,17,0,0,0,0,0,0,0,0,0,0,0,0,0,0,0,0,0,2012,358,670,137039,5,227,110,36,4,2,3,217.14285714285714,1388,365.7411562930721
COL-54001-013,Cúcuta,Jose Leonardo Jacome Carrascal,87424,33.36195415326259,No,5,0,0,0,0,0,0,0,0,0,0,0,0,0,0,0,0,0,0,0,0,0,0,0,5,570,36,36,2,47,4,17622,1111,26,0,0,0,0,0,0,0,0,0,0,0,0,0,0,0,0,0,0,0,0,0,0,0,0,0,0,0,0,0,0,0,0,0,0,0,0,570,36,47,17622,26,0,0,0,0,0,0,130.6,177,33.679370540436175
COL-54001-014,Cúcuta,Emerson Meneses Gonzalez,12796,4.883093490862326,No,50,19,216,2,24,0,52,0,0,0,0,0,3,0,0,0,1,0,0,0,0,0,0,0,10,402,24,13,0,47,2,8912,547,11,0,0,0,0,0,0,0,0,0,0,0,0,0,21,0,0,0,0,36,0,0,0,0,0,0,0,0,0,0,0,0,0,0,0,0,0,618,37,135,8912,11,3,0,1,0,0,0,15.8,80,19.33907960581372
COL-66170-003,Dosquebradas,Roberto Jimenez Naranjo,24279,35.80445362040997,Sí,16,15,1501,37,118,0,314,7,10822,272,0,0,152,1,1,0,9,0,0,0,0,0,0,0,1,25,1,0,0,0,0,750,45,1,0,0,0,0,0,0,0,0,0,0,0,0,0,0,0,0,0,0,0,0,0,0,0,0,0,0,0,0,0,0,0,0,0,0,0,0,1526,118,314,11572,1,152,1,9,0,0,0,122.375,227,55.987945131072635
COL-66170-004,Dosquebradas,Oscar Mauricio Toro Valencia,20402,30.087007815956348,No,9,6,2713,70,532,14,578,16,156811,4314,0,0,322,10,37,1,53,1,2,0,1,0,5,0,3,119,7,7,0,5,0,1997,118,4,0,0,0,0,0,0,0,0,0,0,0,0,0,0,0,0,0,0,0,0,0,0,0,0,0,0,0,0,0,0,0,0,0,0,0,0,2832,539,583,158808,4,322,37,53,2,1,5,439.3333333333333,1560,488.06121542281966
COL-66170-005,Dosquebradas,Tatiana Lopez Saldarriaga,23129,34.10853856363369,No,24,11,3808,96,1052,26,462,10,176956,4426,0,0,578,15,151,4,46,0,5,0,2,0,8,0,6,1215,75,15,0,41,2,91040,5536,87,4,0,0,0,0,0,0,0,0,0,0,0,0,7,0,0,0,0,12,0,0,0,0,0,0,0,0,0,0,0,0,0,0,0,0,0,5023,1067,515,267996,87,578,151,46,5,2,8,275.2083333333333,1271,392.62228548309764
COL-05266-001,Envigado,Raul Eduardo Cardona Gonzalez,46865,52.156251738912694,Sí,45,23,1706,43,464,8,148,0,5964,144,0,0,208,3,3,0,16,0,0,0,0,0,7,0,3,91,5,5,0,1,0,2749,168,3,0,0,0,0,0,0,0,0,0,0,0,0,0,19,179,0,12,0,32,0,9942,17,0,0,0,0,0,0,0,0,0,0,0,0,0,0,1976,481,181,18655,3,208,3,16,0,0,7,58.62222222222222,273,65.47528641642685
COL-05266-002,Envigado,Jhony Oswaldo Velez Quintero,27702,30.82967002392744,No,11,11,114,0,12,0,4,0,12,0,0,0,2,0,1,0,1,0,0,0,0,0,0,0,0,0,0,0,0,0,0,0,0,0,0,0,0,0,0,0,0,0,0,0,0,0,0,0,0,0,0,0,0,0,0,0,0,0,0,0,0,0,0,0,0,0,0,0,0,0,114,12,4,12,0,2,1,1,0,0,0,11.818181818181818,24,5.056049481921272
COL-05266-003,Envigado,Sergio Osvaldo Molina Perez,15288,17.014078237159868,No,2,2,26,0,0,0,4,0,303,7,0,0,8,0,0,0,0,0,0,0,0,0,0,0,0,0,0,0,0,0,0,0,0,0,0,0,0,0,0,0,0,0,0,0,0,0,0,0,0,0,0,0,0,0,0,0,0,0,0,0,0,0,0,0,0,0,0,0,0,0,26,0,4,303,0,8,0,0,0,0,0,15.0,18,4.242640687119285
COL-68276-004,Floridablanca,Jose Fernando Sanchez Carvajal,54352,54.75941001047796,Sí,43,23,9806,226,1100,24,1172,26,328950,7452,0,0,994,23,278,5,77,0,2,0,2,0,6,0,0,0,0,0,0,0,0,0,0,0,0,0,0,0,0,0,0,0,0,0,0,0,0,20,403,0,57,0,60,0,29594,81,0,0,0,0,0,0,0,0,0,0,0,0,0,0,10209,1157,1232,358544,0,994,278,77,2,2,6,292.9767441860465,1198,363.71073595137403
COL-68276-007,Floridablanca,Jhair Andres Manrique Bautista,13127,13.225396953332796,No,12,0,0,0,0,0,0,0,0,0,0,0,0,0,0,0,0,0,0,0,0,0,0,0,1,15,1,3,0,1,0,891,58,1,0,0,0,0,0,0,0,0,0,0,0,0,0,11,0,0,0,0,26,0,0,0,0,0,0,0,0,0,0,0,0,0,0,0,0,0,15,3,27,891,1,0,0,0,0,0,0,3.75,19,5.344921123663268
COL-68276-010,Floridablanca,Sergio Eduardo Flechas Moreno,31777,32.015193036189245,No,57,23,5818,138,1086,23,894,20,163515,3985,0,0,874,22,389,8,112,0,4,0,5,0,16,0,12,1314,80,82,3,137,8,19909,1209,50,0,0,0,0,0,0,0,0,0,0,0,0,0,22,0,0,0,0,194,0,0,0,0,0,0,0,0,0,0,0,0,0,0,0,0,0,7132,1168,1225,183424,50,874,389,112,4,5,16,167.10526315789474,1157,240.68849787125015
COL-73001-001,Ibagué,Jorge Bolivar Torres,70364,33.66006037035442,No,51,35,10315,241,1390,32,1333,29,150128,3447,0,0,1798,44,218,4,122,0,7,0,5,0,10,0,0,0,0,0,0,0,0,0,0,0,0,0,0,0,0,0,0,0,0,0,0,0,0,16,422,0,76,0,122,0,20823,31,0,0,0,0,0,0,0,0,0,0,0,0,0,0,10737,1466,1455,170951,0,1798,218,122,7,5,10,267.80392156862746,961,235.1737246894596
COL-73001-003,Ibagué,Renso Alexander Garcia Parra,17461,8.352826930344474,No,98,15,2682,67,379,6,868,20,10592,254,0,0,669,18,8,0,50,0,1,0,2,0,3,0,1,162,11,3,0,6,0,2731,182,1,0,0,0,0,0,0,0,0,0,0,0,0,0,82,0,0,0,0,966,0,0,0,0,0,0,0,0,0,0,0,0,0,0,0,0,0,2844,382,1840,13323,1,669,8,50,1,2,3,51.69387755102041,630,109.22750382113087
COL-73001-005,Ibagué,Jose Hildebrando Barreto Castillo,11051,5.286472161229986,No,110,50,2458,61,213,2,361,3,63549,1486,0,0,305,1,40,0,11,0,1,0,0,0,1,0,0,0,0,0,0,0,0,0,0,0,0,0,0,0,0,0,0,0,0,0,0,0,0,60,0,0,0,0,62,0,0,0,0,0,0,0,0,0,0,0,0,0,0,0,0,0,2458,213,423,63549,0,305,40,11,1,0,1,28.12727272727273,303,49.00423293660205
COL-73001-006,Ibagué,Marco Emilio Hincapie Ramirez,19912,9.525312973885756,No,69,24,10488,255,1680,40,1274,30,52398,1222,0,0,1536,37,237,2,113,0,8,0,5,0,25,0,8,705,41,61,3,50,3,11108,631,33,1,0,0,0,0,0,0,0,0,0,0,0,0,37,0,0,0,0,514,0,0,0,0,0,0,0,0,0,0,0,0,0,0,0,0,0,11193,1741,1838,63506,33,1536,237,113,8,5,25,214.08695652173913,1943,342.33234364260164
COL-73001-007,Ibagué,Johana Ximena Aranda Rivera,74941,35.84956205182665,No,52,29,18662,439,3527,83,2413,56,465925,11042,0,0,3343,78,1576,35,202,2,18,0,21,0,82,2,13,8034,446,425,24,399,22,194263,10851,253,13,0,0,0,0,0,0,0,0,0,0,0,0,10,704,1,137,0,163,0,30116,86,0,0,0,0,0,0,0,0,0,0,0,0,0,0,27400,4089,2975,690304,253,3343,1576,202,18,21,82,662.7692307692307,4683,882.2994159733121
COL-73001-009,Ibagué,Fernando Murillo Orrego,15314,7.325765512358701,No,35,6,161,4,16,0,24,0,0,0,0,0,22,0,0,0,1,0,0,0,0,0,0,0,13,663,39,0,0,119,6,15719,914,42,0,0,0,0,0,0,0,0,0,0,0,0,0,16,0,0,0,0,44,0,0,0,0,0,0,0,0,0,0,0,0,0,0,0,0,0,824,16,187,15719,42,22,0,1,0,0,0,29.34285714285714,133,32.78893541599492
COL-05151-002,Itagüí,Rosa Maria Acevedo Jaramillo,32304,28.82432721821686,No,56,21,3762,94,499,11,431,8,168553,4282,0,0,464,9,50,1,25,0,2,0,0,0,0,0,17,1242,76,67,2,59,1,30407,1886,53,0,0,0,0,0,0,0,0,0,0,0,0,0,18,0,0,0,0,129,0,0,0,0,0,0,0,0,0,0,0,0,0,0,0,0,0,5004,566,619,198960,53,464,50,25,2,0,0,110.51785714285714,1029,196.17033332113365
COL-05151-003,Itagüí,Diego Leon Torres Sanchez,45874,40.932614747662214,Sí,69,0,0,0,0,0,0,0,0,0,0,0,0,0,0,0,0,0,0,0,0,0,0,0,9,298,19,26,1,13,0,10389,657,7,0,0,0,0,0,0,0,0,0,0,0,0,0,60,310,0,28,0,33,0,20236,51,0,0,0,0,0,0,0,0,0,0,0,0,0,0,608,54,46,30625,7,0,0,0,0,0,0,10.26086956521739,85,16.068467636147297
COL-05151-005,Itagüí,Leon Mario Bedoya Lopez,33894,30.243058034120924,No,21,0,0,0,0,0,0,0,0,0,0,0,0,0,0,0,0,0,0,0,0,0,0,0,7,520,34,79,5,13,0,9456,602,10,0,0,0,0,0,0,0,0,0,0,0,0,0,14,0,0,0,0,101,0,0,0,0,0,0,0,0,0,0,0,0,0,0,0,0,0,520,79,114,9456,10,0,0,0,0,0,0,33.95238095238095,123,40.321800791229784
COL-17001-001,Manizales,Jorge Eduardo Rojas Giraldo,118239,83.96702079309169,Sí,31,0,0,0,0,0,0,0,0,0,0,0,0,0,0,0,0,0,0,0,0,0,0,0,11,1921,119,67,3,28,1,58240,3533,39,2,0,0,0,0,0,0,0,0,0,0,0,0,20,1380,2,85,0,215,0,67575,160,0,0,0,0,0,0,0,0,0,0,0,0,0,0,3301,152,243,125815,39,0,0,0,0,0,0,119.2258064516129,745,187.98381307573962
COL-17001-010,Manizales,Paula Andrea Toro Santana,22577,16.03297920690831,No,35,28,990,24,154,2,248,1,23808,532,0,0,137,1,3,0,30,0,5,0,0,0,1,0,5,81,6,2,0,5,0,5065,331,2,0,0,0,0,0,0,0,0,0,0,0,0,0,2,0,0,0,0,1,0,0,0,0,0,0,0,0,0,0,0,0,0,0,0,0,0,1071,156,254,28873,2,137,3,30,5,0,1,42.31428571428572,186,38.40019257654792
COL-05001-001,Medellín,Federico Andres Gutierrez Zuluaga,697910,81.4960303512605,Sí,53,0,0,0,0,0,0,0,0,0,0,0,0,0,0,0,0,0,0,0,0,0,0,0,20,194884,12004,8420,499,11974,737,3036081,187169,5728,352,0,0,0,0,0,0,0,0,0,0,0,0,33,81095,136,438,1,22292,37,2192688,3727,0,0,0,0,0,0,0,0,0,0,0,0,0,0,275979,8858,34266,5228769,5728,0,0,0,0,0,0,6020.811320754717,54508,9860.692782762437
COL-05001-004,Medellín,Rodolfo Andres Correa Vargas,10707,1.2502729534910606,No,5,0,0,0,0,0,0,0,0,0,0,0,0,0,0,0,0,0,0,0,0,0,0,0,0,0,0,0,0,0,0,0,0,0,0,0,0,0,0,0,0,0,0,0,0,0,0,5,0,0,0,0,25,0,0,0,0,0,0,0,0,0,0,0,0,0,0,0,0,0,0,0,25,0,0,0,0,0,0,0,0,5.0,7,1.4142135623730951
COL-05001-010,Medellín,Albert Yordano Corredor Bustamante,27261,3.1833091421611845,No,276,90,58367,1394,6746,164,2566,54,2149273,51436,0,0,864,6,5478,128,80,0,30,0,28,0,206,2,46,109768,6117,1000,52,786,50,2083806,118643,612,34,0,0,0,0,0,0,0,0,0,0,0,0,140,6396,8,8063,9,4450,4,1418557,2840,0,0,0,0,0,0,0,0,0,0,0,0,0,0,174531,15809,7802,5651636,612,864,5478,80,30,28,206,717.9057971014493,4102,911.6217428312222
COL-05001-011,Medellín,Maria Paulina Aguinaga Lezcano,12836,1.4988795770067482,No,80,22,773,23,62,0,110,0,21950,493,0,0,56,0,3,0,0,0,0,0,0,0,0,0,20,584,34,140,5,26,0,13486,772,47,0,0,0,0,0,0,0,0,0,0,0,0,0,38,0,0,0,0,457,0,0,0,0,0,0,0,0,0,0,0,0,0,0,0,0,0,1357,202,593,35436,47,56,3,0,0,0,0,26.9,121,27.29798063658634
COL-05001-012,Medellín,Juan Carlos Upegui Vanegas,95883,11.196406238870212,No,61,4,1521,39,332,8,108,2,5752,156,0,0,211,6,81,1,55,1,3,0,0,0,2,0,0,0,0,0,0,0,0,0,0,0,0,0,0,0,0,0,0,0,0,0,0,0,0,57,76543,142,33639,64,33456,58,5025438,9676,0,0,0,0,0,0,0,0,0,0,0,0,0,0,78064,33971,33564,5031190,0,211,81,55,3,0,2,2386.8688524590166,8865,2053.7908484508175
COL-05001-014,Medellín,Gilberto Tobon Sanin,11776,1.3751017372103043,No,20,12,600,14,167,2,43,0,4572,110,0,0,24,0,102,1,0,0,3,0,7,0,6,0,8,2429,125,456,24,787,39,53281,2822,149,8,0,0,0,0,0,0,0,0,0,0,0,0,0,0,0,0,0,0,0,0,0,0,0,0,0,0,0,0,0,0,0,0,0,0,0,3029,623,830,57853,149,24,102,0,3,7,6,224.1,3432,756.8985818178646
COL-23001-006,Montería,Natalia Eugenia Lopez Fuentes,88383,43.31650656733974,No,37,14,19634,446,2617,62,1753,40,563156,12594,0,0,3208,75,1274,26,256,3,19,0,8,0,36,0,3,12806,677,185,10,334,17,400772,20990,426,22,0,0,0,0,0,0,0,0,0,0,0,0,20,3563,5,414,0,615,0,296987,651,0,0,0,0,0,0,0,0,0,0,0,0,0,0,36003,3216,2702,1260915,426,3208,1274,256,19,8,36,1133.0,8788,1697.6659467241093
COL-23001-008,Montería,Hugo Fernando Kerguelen Garcia,115657,56.683493432660256,Sí,36,17,12639,313,1763,44,1284,30,491968,11565,0,0,2184,56,289,5,155,3,5,0,3,0,9,0,2,249,14,14,1,26,2,9052,539,10,0,0,0,0,0,0,0,0,0,0,0,0,0,17,1860,2,224,0,479,0,102535,170,0,0,0,0,0,0,0,0,0,0,0,0,0,0,14748,2001,1789,603555,10,2184,289,155,5,3,9,514.9444444444445,3616,747.3507091986214
COL-41001-001,Neiva,Hector Javier Osorio Botello,18556,14.488272588150785,No,12,12,2420,60,202,3,843,21,20986,521,0,0,323,7,12,0,26,0,0,0,0,0,1,0,0,0,0,0,0,0,0,0,0,0,0,0,0,0,0,0,0,0,0,0,0,0,0,0,0,0,0,0,0,0,0,0,0,0,0,0,0,0,0,0,0,0,0,0,0,0,2420,202,843,20986,0,323,12,26,0,0,1,288.75,1094,268.951203752651
COL-41001-002,Neiva,Edinson Amin Losada Perdomo,12111,9.456104188138292,No,18,18,2518,60,352,6,708,14,94938,1972,0,0,460,12,62,0,32,0,2,0,0,0,6,0,0,0,0,0,0,0,0,0,0,0,0,0,0,0,0,0,0,0,0,0,0,0,0,0,0,0,0,0,0,0,0,0,0,0,0,0,0,0,0,0,0,0,0,0,0,0,2518,352,708,94938,0,460,62,32,2,0,6,198.77777777777777,494,125.6145156259726
COL-41001-004,Neiva,Yilber Leandro Saavedra,12722,9.93316468346919,No,16,16,8720,216,1911,47,2722,70,665515,16722,0,0,533,12,1003,25,33,0,117,3,20,0,127,3,0,0,0,0,0,0,0,0,0,0,0,0,0,0,0,0,0,0,0,0,0,0,0,0,0,0,0,0,0,0,0,0,0,0,0,0,0,0,0,0,0,0,0,0,0,0,8720,1911,2722,665515,0,533,1003,33,117,20,127,834.5625,3995,935.7264535286653
COL-41001-006,Neiva,Wilker Esneider Bautista Macias,13176,10.287641712733064,No,16,13,1790,43,190,2,1217,30,9514,225,0,0,311,7,102,0,28,0,0,0,1,0,0,0,3,464,27,34,1,65,4,31811,1830,41,2,0,0,0,0,0,0,0,0,0,0,0,0,0,0,0,0,0,0,0,0,0,0,0,0,0,0,0,0,0,0,0,0,0,0,0,2254,224,1282,41325,41,311,102,28,0,1,0,235.0,545,118.16372821922414
COL-41001-007,Neiva,German Casagua Bonilla,57058,44.55011087166994,Sí,15,7,6967,142,1203,24,2201,44,175380,3374,0,0,877,19,186,3,76,1,40,1,5,0,22,0,7,3446,194,193,10,224,12,95223,5417,107,5,0,0,0,0,0,0,0,0,0,0,0,0,1,14,0,0,0,2,0,704,0,0,0,0,0,0,0,0,0,0,0,0,0,0,0,10427,1396,2427,271307,107,877,186,76,40,5,22,950.0,7045,1735.931244523897
COL-41001-008,Neiva,Jorge Andres Gechem Artunduaga,14453,11.28470595583872,No,32,32,12198,299,662,12,1299,34,226908,5603,0,0,1625,38,89,2,677,16,4,0,4,0,8,0,0,0,0,0,0,0,0,0,0,0,0,0,0,0,0,0,0,0,0,0,0,0,0,0,0,0,0,0,0,0,0,0,0,0,0,0,0,0,0,0,0,0,0,0,0,0,12198,662,1299,226908,0,1625,89,677,4,4,8,442.46875,1318,279.74781089690924
COL-76520-003,Palmira,Hector Fabio Velasco Hernandez,37368,33.29086746193662,No,8,0,0,0,0,0,0,0,0,0,0,0,0,0,0,0,0,0,0,0,0,0,0,0,4,465,30,30,2,50,3,8296,527,5,0,0,0,0,0,0,0,0,0,0,0,0,0,4,133,0,8,0,21,0,7352,14,0,0,0,0,0,0,0,0,0,0,0,0,0,0,598,38,71,15648,5,0,0,0,0,0,0,88.375,179,59.146156740255385
COL-76520-007,Palmira,Victor Manuel Ramos Vergara,57408,51.1443512966939,Sí,14,14,6210,146,1888,43,2025,47,418014,10052,0,0,939,21,160,3,52,0,1,0,4,0,19,0,0,0,0,0,0,0,0,0,0,0,0,0,0,0,0,0,0,0,0,0,0,0,0,0,0,0,0,0,0,0,0,0,0,0,0,0,0,0,0,0,0,0,0,0,0,0,6210,1888,2025,418014,0,939,160,52,1,4,19,723.0714285714286,1914,509.6068566568236
COL-76520-009,Palmira,Griselda Janeth Restrepo Gallego,17471,15.564781241369479,No,61,24,3301,78,848,20,639,11,182886,4428,0,0,347,7,294,5,17,0,3,0,2,0,17,0,17,421,26,12,0,42,1,9698,596,7,0,0,0,0,0,0,0,0,0,0,0,0,0,20,0,0,0,0,36,0,0,0,0,0,0,0,0,0,0,0,0,0,0,0,0,0,3722,860,717,192584,7,347,294,17,3,2,17,86.8688524590164,795,165.7908798667603
COL-52001-003,Pasto,Nilsa Rocio Villota Rosero,14890,16.644124255262067,No,41,24,1308,36,183,3,251,2,143918,3634,0,0,136,1,97,2,8,0,1,0,1,0,3,0,12,696,42,66,3,70,4,18725,1133,10,0,0,0,0,0,0,0,0,0,0,0,0,0,5,0,0,0,0,9,0,0,0,0,0,0,0,0,0,0,0,0,0,0,0,0,0,2004,249,330,162643,10,136,97,8,1,1,3,63.0,601,93.00940812627505
COL-52001-006,Pasto,Nicolas Martin Toro Muñoz,74571,83.35587574473793,Sí,49,26,19889,478,3598,90,2585,60,355274,8596,0,0,2641,64,1146,28,277,3,27,0,115,2,86,0,20,2080,120,153,8,164,9,52074,3052,51,0,0,0,0,0,0,0,0,0,0,0,0,0,3,335,1,54,0,71,0,17384,57,0,0,0,0,0,0,0,0,0,0,0,0,0,0,22304,3805,2820,424732,51,2641,1146,277,27,115,86,590.3877551020408,3716,850.3503399659884
COL-66001-001,Pereira,Maicol Lopera Cardona,63869,33.48783314020857,No,7,6,2616,68,522,15,580,16,98220,2606,0,0,492,14,93,2,39,0,2,0,0,0,6,0,0,0,0,0,0,0,0,0,0,0,0,0,0,0,0,0,0,0,0,0,0,0,0,1,274,1,35,0,22,0,13701,52,0,0,0,0,0,0,0,0,0,0,0,0,0,0,2890,557,602,111921,0,492,93,39,2,0,6,578.4285714285714,1235,329.2809626761808
COL-66001-003,Pereira,Martha Isabel Alzate Hincapie,13177,6.908972698625755,No,37,37,565,10,98,1,197,2,6009,139,0,0,64,0,2,0,9,0,0,0,2,0,0,0,0,0,0,0,0,0,0,0,0,0,0,0,0,0,0,0,0,0,0,0,0,0,0,0,0,0,0,0,0,0,0,0,0,0,0,0,0,0,0,0,0,0,0,0,0,0,565,98,197,6009,0,64,2,9,0,2,0,23.243243243243242,81,20.99789064195286
COL-66001-006,Pereira,Mauricio Salazar Pelaez,82510,43.26169366043949,Sí,7,6,11375,268,2684,63,1008,24,270701,6575,0,0,1926,46,100,2,123,2,3,0,0,0,16,0,1,234,15,17,1,21,1,17931,1123,11,1,0,0,0,0,0,0,0,0,0,0,0,0,0,0,0,0,0,0,0,0,0,0,0,0,0,0,0,0,0,0,0,0,0,0,0,11609,2701,1029,288632,11,1926,100,123,3,0,16,2191.285714285714,5032,1919.5480122749134
COL-66001-007,Pereira,Reynaldo Steven Cardenas Espinosa,31167,16.341500500726184,No,26,10,1228,28,114,1,165,2,0,0,0,0,291,5,1,0,15,0,0,0,0,0,0,0,0,0,0,0,0,0,0,0,0,0,0,0,0,0,0,0,0,0,0,0,0,0,0,16,0,0,0,0,66,0,0,0,0,0,0,0,0,0,0,0,0,0,0,0,0,0,1228,114,231,0,0,291,1,15,0,0,0,60.5,335,90.0707499691215
COL-19001-001,Popayán,Diana Nelly Fuentes Meneses,30419,29.392894068083216,No,33,24,5832,137,1074,23,569,14,345298,8225,0,0,1183,29,361,7,95,0,3,0,4,0,23,0,9,347,20,10,0,21,1,11261,643,7,0,0,0,0,0,0,0,0,0,0,0,0,0,0,0,0,0,0,0,0,0,0,0,0,0,0,0,0,0,0,0,0,0,0,0,0,6179,1084,590,356559,7,1183,361,95,3,4,23,237.96969696969697,1281,310.70700475372337
COL-19001-009,Popayán,Jose Luis Diago Franco,36155,34.935405011063764,No,15,14,1609,36,81,0,277,7,16483,395,0,0,380,10,10,0,15,0,1,0,0,0,0,0,1,144,7,3,0,9,0,3272,160,1,0,0,0,0,0,0,0,0,0,0,0,0,0,0,0,0,0,0,0,0,0,0,0,0,0,0,0,0,0,0,0,0,0,0,0,0,1753,84,286,19755,1,380,10,15,1,0,0,141.53333333333333,287,63.08482573563344
COL-19001-010,Popayán,Juan Carlos Muñoz Bravo,36917,35.67170092085302,No,25,23,3462,82,434,7,636,15,33210,797,0,0,589,13,31,0,49,0,1,0,2,0,2,0,2,80,5,6,0,11,0,2960,184,0,0,0,0,0,0,0,0,0,0,0,0,0,0,0,0,0,0,0,0,0,0,0,0,0,0,0,0,0,0,0,0,0,0,0,0,0,3542,440,647,36170,0,589,31,49,1,2,2,185.16,680,143.08321588036338
COL-44001-003,Riohacha,Genaro David Redondo Choles,30090,38.517172079210454,Sí,28,28,5321,133,594,11,486,8,91919,2321,0,0,969,21,274,7,119,2,3,0,3,0,11,0,0,0,0,0,0,0,0,0,0,0,0,0,0,0,0,0,0,0,0,0,0,0,0,0,0,0,0,0,0,0,0,0,0,0,0,0,0,0,0,0,0,0,0,0,0,0,5321,594,486,91919,0,969,274,119,3,3,11,228.60714285714286,1368,327.81570469302756
COL-44001-004,Riohacha,Eriberto Antonio Ibarra Campo,21198,27.13482930326033,No,50,40,1834,48,205,3,342,5,48316,953,0,0,289,2,7,0,32,0,1,0,9,0,5,0,10,266,14,4,0,4,0,6057,328,3,0,0,0,0,0,0,0,0,0,0,0,0,0,0,0,0,0,0,0,0,0,0,0,0,0,0,0,0,0,0,0,0,0,0,0,0,2100,209,346,54373,3,289,7,32,1,9,5,53.1,818,117.90245882049436
COL-44001-006,Riohacha,Jose Alberto Duran Rodriguez,26833,34.34799861752922,No,14,14,1975,47,258,5,647,14,81012,2046,0,0,332,6,35,1,46,0,2,0,72,1,4,0,0,0,0,0,0,0,0,0,0,0,0,0,0,0,0,0,0,0,0,0,0,0,0,0,0,0,0,0,0,0,0,0,0,0,0,0,0,0,0,0,0,0,0,0,0,0,1975,258,647,81012,0,332,35,46,2,72,4,205.71428571428572,861,239.12128514833012
COL-47001-001,Santa Marta,Jorge Luis Agudelo Apreza,85504,50.038624499637166,Sí,90,50,5198,122,1277,38,2049,48,10140,240,0,0,650,3,24,0,93,0,1,0,15,0,5,0,0,0,0,0,0,0,0,0,0,0,0,0,0,0,0,0,0,0,0,0,0,0,0,40,5422,6,1079,0,2901,1,136357,326,0,0,0,0,0,0,0,0,0,0,0,0,0,0,10620,2356,4950,146497,0,650,24,93,1,15,5,199.17777777777778,500,80.41208162590206
COL-47001-002,Santa Marta,Carlos Alberto Pinedo Cuello,85372,49.961375500362834,No,88,48,4490,106,582,8,764,10,34406,800,0,0,568,2,46,0,58,0,0,0,2,0,290,6,0,0,0,0,0,0,0,0,0,0,0,0,0,0,0,0,0,0,0,0,0,0,0,40,4712,2,512,0,1300,0,266357,480,0,0,0,0,0,0,0,0,0,0,0,0,0,0,9202,1094,2064,300763,0,568,46,58,0,2,290,140.45454545454547,416,80.84423921086844
COL-70001-001,Sincelejo,Aldemar Alfaro Rivero,12363,9.557567277140846,No,22,22,6937,156,838,16,453,10,677544,15897,0,0,942,23,508,9,85,0,11,0,3,0,6,0,0,0,0,0,0,0,0,0,0,0,0,0,0,0,0,0,0,0,0,0,0,0,0,0,0,0,0,0,0,0,0,0,0,0,0,0,0,0,0,0,0,0,0,0,0,0,6937,838,453,677544,0,942,508,85,11,3,6,374.0,2640,544.780165361615
COL-70001-003,Sincelejo,Diego Mercado Sanabria,38152,29.49448408618277,No,17,17,3994,103,583,15,227,4,76929,1716,0,0,401,7,574,15,48,0,18,0,6,0,17,0,0,0,0,0,0,0,0,0,0,0,0,0,0,0,0,0,0,0,0,0,0,0,0,0,0,0,0,0,0,0,0,0,0,0,0,0,0,0,0,0,0,0,0,0,0,0,3994,583,227,76929,0,401,574,48,18,6,17,282.5882352941176,2210,529.223730904937
COL-70001-014,Sincelejo,Yahir Fernando Acuña Cardales,78838,60.94794863667639,Sí,3,3,6048,138,1173,27,679,15,61659,1390,0,0,1393,32,26,0,147,3,2,0,1,0,1,0,0,0,0,0,0,0,0,0,0,0,0,0,0,0,0,0,0,0,0,0,0,0,0,0,0,0,0,0,0,0,0,0,0,0,0,0,0,0,0,0,0,0,0,0,0,0,6048,1173,679,61659,0,1393,26,147,2,1,1,2633.3333333333335,3338,922.6485426929007
COL-25754-006,Soacha,Victor Julian Sanchez Acosta,62960,41.77919932049078,Sí,87,50,25470,585,3761,79,4320,95,385143,8623,0,0,4192,96,1088,25,228,0,31,0,8,0,65,0,9,3541,212,123,8,349,20,195835,11723,156,8,0,0,0,0,0,0,0,0,0,0,0,0,28,362,0,40,0,67,0,36613,79,0,0,0,0,0,0,0,0,0,0,0,0,0,0,29373,3924,4736,617591,156,4192,1088,228,31,8,65,437.1609195402299,2507,583.1076304487163
COL-25754-007,Soacha,Heiner de Jesus Gaitan Parra,19497,12.937881975089086,No,26,20,6884,166,622,14,1629,40,96479,2579,0,0,1471,36,73,1,79,0,0,0,2,0,7,0,6,1508,87,52,2,102,5,27050,1569,33,1,0,0,0,0,0,0,0,0,0,0,0,0,0,0,0,0,0,0,0,0,0,0,0,0,0,0,0,0,0,0,0,0,0,0,0,8392,674,1731,123529,33,1471,73,79,0,2,7,415.2692307692308,1651,382.14934857380644
COL-25754-008,Soacha,Gloria Betty Zorro Africano,14881,9.874781847017525,No,64,64,10684,270,3514,92,2112,58,787219,20350,0,0,2102,64,946,22,354,0,52,0,42,0,44,0,0,0,0,0,0,0,0,0,0,0,0,0,0,0,0,0,0,0,0,0,0,0,0,0,0,0,0,0,0,0,0,0,0,0,0,0,0,0,0,0,0,0,0,0,0,0,10684,3514,2112,787219,0,2102,946,354,52,42,44,254.84375,1223,228.562673753466
COL-25754-009,Soacha,Dany Rene Caicedo Vasquez,53359,35.4081368574026,No,57,50,23254,556,2405,52,6948,162,183139,4146,0,0,5647,130,422,6,366,3,11,0,10,0,18,0,1,350,23,16,1,27,2,19201,1258,6,0,0,0,0,0,0,0,0,0,0,0,0,0,6,140,0,45,0,47,0,11776,28,0,0,0,0,0,0,0,0,0,0,0,0,0,0,23744,2466,7022,214116,6,5647,422,366,11,10,18,583.0175438596491,2597,442.0903871393298
COL-08433-001,Soledad,Jose Joao Herrera Iranzo,54221,32.69930103668502,No,28,16,4582,103,2050,44,367,6,198135,4375,0,0,514,9,627,11,64,1,10,0,52,1,17,0,5,208,14,33,2,16,0,9970,611,6,0,0,0,0,0,0,0,0,0,0,0,0,0,7,39,0,16,0,8,0,3789,4,0,0,0,0,0,0,0,0,0,0,0,0,0,0,4829,2099,391,211894,6,514,627,64,10,52,17,261.39285714285717,1321,284.2111029819227
COL-08433-007,Soledad,Alcira Paola Sandoval Ibañez,85145,51.348776060355696,Sí,24,20,2638,60,674,12,586,14,10616,216,0,0,942,22,8,0,80,0,0,0,4,0,0,0,4,296,18,30,2,18,0,12708,820,4,0,0,0,0,0,0,0,0,0,0,0,0,0,0,0,0,0,0,0,0,0,0,0,0,0,0,0,0,0,0,0,0,0,0,0,0,2934,704,604,23324,4,942,8,80,0,4,0,176.75,407,96.05444561153394
COL-08433-008,Soledad,Elvira Patricia Gutierrez Hernandez,26451,15.951922902959287,No,20,9,4070,101,541,14,659,17,195075,4648,0,0,1569,40,32,0,101,2,2,0,1,0,2,0,0,0,0,0,0,0,0,0,0,0,0,0,0,0,0,0,0,0,0,0,0,0,0,11,0,0,0,0,14,0,0,0,0,0,0,0,0,0,0,0,0,0,0,0,0,0,4070,541,673,195075,0,1569,32,101,2,1,2,264.2,2289,536.818267788624
COL-15001-001,Tunja,Vicente Anibal Ojeda Martinez,11661,20.181374500268255,No,13,8,1557,38,131,3,192,6,8031,182,0,0,319,7,7,0,30,0,0,0,0,0,2,0,0,0,0,0,0,0,0,0,0,0,0,0,0,0,0,0,0,0,0,0,0,0,0,5,0,0,0,0,23,0,0,0,0,0,0,0,0,0,0,0,0,0,0,0,0,0,1557,131,215,8031,0,319,7,30,0,0,2,146.3846153846154,337,134.82243783432244
COL-15001-008,Tunja,John Ernesto Carrero Villamil,18782,32.505494885862134,No,32,0,0,0,0,0,0,0,0,0,0,0,0,0,0,0,0,0,0,0,0,0,0,0,0,0,0,0,0,0,0,0,0,0,0,0,0,0,0,0,0,0,0,0,0,0,0,32,0,0,0,0,447,0,0,0,0,0,0,0,0,0,0,0,0,0,0,0,0,0,0,0,447,0,0,0,0,0,0,0,0,13.96875,31,7.086945631729989
COL-15001-009,Tunja,Mikhail Krasnov,27338,47.31313061386961,Sí,10,0,0,0,0,0,0,0,0,0,0,0,0,0,0,0,0,0,0,0,0,0,0,0,10,14853,956,407,26,772,51,557274,35773,578,36,0,0,0,0,0,0,0,0,0,0,0,0,0,0,0,0,0,0,0,0,0,0,0,0,0,0,0,0,0,0,0,0,0,0,0,14853,407,772,557274,578,0,0,0,0,0,0,1603.2,2911,968.3592997092212
COL-20001-002,Valledupar,Lina Maria de Armas Daza,11003,7.381591305514558,No,20,11,237,5,40,0,71,0,2712,64,0,0,19,0,3,0,4,0,0,0,0,0,0,0,5,172,11,14,1,8,0,2666,175,5,0,0,0,0,0,0,0,0,0,0,0,0,0,4,0,0,0,0,63,0,0,0,0,0,0,0,0,0,0,0,0,0,0,0,0,0,409,54,142,5378,5,19,3,4,0,0,0,30.25,70,18.22339444952992
COL-20001-005,Valledupar,Christian Jose Moreno Villamizar,25715,17.251442372199115,No,65,11,1372,30,171,3,166,3,49529,1073,0,0,183,3,20,0,5,0,1,0,2,0,2,0,20,460,28,17,0,32,0,6867,407,46,0,0,0,0,0,0,0,0,0,0,0,0,0,34,0,0,0,0,621,0,0,0,0,0,0,0,0,0,0,0,0,0,0,0,0,0,1832,188,819,56396,46,183,20,5,1,2,2,43.676923076923075,793,104.7228645778209
COL-20001-006,Valledupar,Miguel Antonio Morales Campo,19339,12.97397021333691,No,2,2,974,21,55,1,58,1,15186,325,0,0,151,3,0,0,16,0,0,0,0,0,0,0,0,0,0,0,0,0,0,0,0,0,0,0,0,0,0,0,0,0,0,0,0,0,0,0,0,0,0,0,0,0,0,0,0,0,0,0,0,0,0,0,0,0,0,0,0,0,974,55,58,15186,0,151,0,16,0,0,0,543.5,813,381.1305550595491
COL-20001-007,Valledupar,Ernesto Miguel Orozco Duran,71590,48.027639876559775,Sí,51,30,4305,97,1082,20,523,7,51184,1076,0,0,693,12,55,1,82,0,1,0,1,0,1,0,1,111,7,10,1,11,1,2246,145,4,0,0,0,0,0,0,0,0,0,0,0,0,0,20,2360,3,163,0,645,1,103354,260,0,0,0,0,0,0,0,0,0,0,0,0,0,0,6776,1255,1179,156784,4,693,55,82,1,1,1,180.58823529411765,1027,195.55154578479693
COL-20001-008,Valledupar,Camilo Andres Quiroz Hinojosa,21413,14.365356232389642,No,64,6,326,6,58,0,34,0,1998,46,0,0,82,0,0,0,16,0,0,0,0,0,0,0,8,3300,204,130,6,162,10,82404,5044,60,2,0,0,0,0,0,0,0,0,0,0,0,0,50,1107,0,83,0,360,0,108721,224,0,0,0,0,0,0,0,0,0,0,0,0,0,0,4733,271,556,193123,60,82,0,16,0,0,0,86.875,678,158.24809735810513
COL-50001-003,Villavicencio,Juan Camilo Chavez Niño,63046,53.11015264346126,No,23,20,6458,158,800,19,1463,35,30028,707,0,0,1323,34,108,2,96,1,2,0,3,0,4,0,3,1044,65,61,4,140,9,25518,1618,34,1,0,0,0,0,0,0,0,0,0,0,0,0,0,0,0,0,0,0,0,0,0,0,0,0,0,0,0,0,0,0,0,0,0,0,0,7502,861,1603,55546,34,1323,108,96,2,3,4,433.30434782608694,926,216.59900838827173
COL-50001-008,Villavicencio,Mario Alberto Romero Arismendy,15058,12.684907504127777,No,45,27,9245,216,1473,35,2055,49,220033,4919,0,0,1539,36,73,0,97,0,10,0,1,0,10,0,16,1513,87,100,5,89,4,16738,968,49,1,0,0,0,0,0,0,0,0,0,0,0,0,2,0,0,0,0,8,0,0,0,0,0,0,0,0,0,0,0,0,0,0,0,0,0,10758,1573,2152,236771,49,1539,73,97,10,1,10,321.84444444444443,1285,277.4842301461436
COL-50001-016,Villavicencio,Irina Colette Salas Londoño,40604,34.20493985241096,No,46,22,7994,186,1111,25,2481,59,155643,3396,0,0,1548,35,332,6,85,0,7,0,4,0,39,0,4,768,48,69,4,98,5,20235,1263,28,1,0,0,0,0,0,0,0,0,0,0,0,0,20,1445,0,157,0,633,0,71261,150,0,0,0,0,0,0,0,0,0,0,0,0,0,0,10207,1337,3212,247139,28,1548,332,85,7,4,39,320.7826086956522,1351,281.6494995197225
